journal_id,period
1,4
1,5
1,6
2,1
2,2
2,3
3,1
4,1
5,6
6,6
6,7
6,8
7,3
7,4
8,2
8,3
9,1
10,2
10,3
11,2
11,3
12,7
12,8
13,4
13,5
13,6
14,1
15,1
16,5
16,6
17,2
17,3
17,4
18,1
19,3
19,4
20,1
20,2
21,3
21,4
22,1
22,2
23,1
23,2
24,2
25,1
26,1
26,2
27,1
27,2
27,3
28,1
28,2
28,3
29,3
29,4
30,3
30,4
30,5
31,3
31,4
32,3
32,4
33,3
33,4
33,5
34,1
34,2
35,1
35,2
35,3
36,1
36,2
37,1
37,2
37,3
38,1
38,2
39,1
39,2
39,3
40,1
40,2
40,3
41,1
41,2
41,3
42,1
42,2
42,3
43,7
43,8
44,5
44,6
45,1
45,2
46,6
46,7
46,8
47,1
47,2
47,3
48,1
48,2
48,3
49,6
50,8
51,5
51,6
52,7
52,8
53,6
53,7
53,8
54,7
54,8
55,8
56,6
56,7
56,8
57,6
57,7
57,8
58,8
59,7
59,8
60,7
60,8
61,7
61,8
62,7
62,8
63,6
63,7
64,6
64,7
64,8
65,8
65,9
66,6
66,7
66,8
67,6
67,7
68,7
68,8
69,6
69,7
69,8
70,6
70,7
71,6
71,7
72,6
72,7
73,6
74,5
74,6
75,4
76,5
77,5
77,6
78,4
78,5
79,4
79,5
80,4
80,5
81,4
81,5
82,4
82,5
83,4
83,5
83,6
84,4
84,5
85,4
85,5
85,6
86,4
86,5
87,3
87,4
88,3
88,4
88,5
89,4
90,2
90,3
91,3
91,4
91,5
92,3
92,4
93,3
93,4
93,5
94,3
94,4
95,1
95,2
96,1
96,2
97,3
98,3
98,4
99,3
100,1
100,2
101,1
101,2
102,1
102,2
103,1
103,2
103,3
104,1
104,2
105,1
105,2
105,3
106,1
106,2
106,3
107,1
107,2
107,3
108,1
108,2
108,3
109,1
109,2
109,3
110,1
111,1
111,2
112,1
112,2
112,3
113,1
113,2
114,4
114,5
115,1
115,2
116,4
116,5
116,6
117,3
117,4
118,1
118,2
119,6
119,7
119,8
120,3
120,4
121,6
121,7
121,8
122,7
122,8
123,7
123,8
124,7
124,8
125,6
125,7
125,8
126,8
127,7
127,8
128,7
128,8
129,5
129,6
129,7
130,7
130,8
131,6
131,7
131,8
132,6
132,7
132,8
133,7
133,8
134,4
134,5
135,7
135,8
136,6
136,7
136,8
137,6
137,7
137,8
138,3
138,4
138,5
139,6
140,6
140,7
140,8
141,6
141,7
141,8
142,6
142,7
142,8
143,3
143,4
143,5
144,6
144,7
144,8
145,4
145,5
146,4
146,5
147,1
147,2
148,5
148,6
149,5
149,6
150,4
150,5
151,4
151,5
151,6
152,1
152,2
153,4
153,5
154,4
154,5
155,1
155,2
156,3
156,4
157,3
157,4
157,5
158,3
158,4
158,5
159,3
159,4
159,5
160,2
160,3
161,1
161,2
162,2
162,3
163,1
163,2
163,3
164,1
164,2
165,1
165,2
166,1
166,2
166,3
167,1
167,2
168,1
168,2
168,3
169,1
169,2
169,3
170,1
170,2
170,3
171,1
171,2
172,1
173,6
173,7
173,8
174,7
174,8
175,5
175,6
176,7
176,8
177,7
177,8
178,5
178,6
179,7
179,8
180,5
180,6
181,3
181,4
182,8
183,7
183,8
184,8
185,6
185,7
185,8
186,7
186,8
187,7
187,8
188,7
188,8
189,7
189,8
190,7
190,8
191,6
191,7
191,8
192,7
192,8
193,4
193,5
194,5
194,6
195,6
196,6
197,5
197,6
198,5
198,6
198,7
199,6
199,7
199,8
200,6
200,7
200,8
201,6
201,7
202,5
202,6
203,4
203,5
204,5
204,6
205,5
205,6
206,5
207,4
207,5
208,5
208,6
209,2
209,3
209,4
210,4
210,5
211,4
211,5
212,2
212,3
213,4
213,5
214,4
214,5
215,2
215,3
216,4
216,5
217,4
218,4
218,5
219,2
219,3
219,4
220,2
220,3
220,4
221,2
221,3
221,4
222,2
222,3
222,4
223,2
223,3
224,2
224,3
225,2
225,3
226,2
226,3
227,2
227,3
228,2
229,2
229,3
229,4
230,2
230,3
231,2
231,3
231,4
232,2
232,3
233,2
233,3
234,2
234,3
234,4
235,2
235,3
236,2
236,3
236,4
237,1
238,5
238,6
239,2
239,3
239,4
240,5
240,6
241,5
241,6
242,4
242,5
242,6
243,5
243,6
244,6
245,5
245,6
246,5
246,6
247,5
247,6
248,5
248,6
249,5
249,6
250,5
250,6
251,4
251,5
251,6
252,4
252,5
253,4
253,5
254,4
254,5
254,6
255,5
255,6
256,4
256,5
257,4
257,5
257,6
258,2
258,3
259,6
259,7
260,2
260,3
260,4
261,2
261,3
262,2
262,3
262,4
263,2
263,3
264,2
264,3
264,4
265,1
266,2
266,3
267,2
267,3
267,4
268,2
268,3
268,4
269,1
270,2
270,3
270,4
271,2
271,3
272,2
272,3
273,2
273,3
274,2
274,3
274,4
275,2
275,3
276,2
276,3
276,4
277,2
277,3
278,1
279,1
280,1
281,1
282,1
283,1
284,3
284,4
285,3
285,4
286,3
286,4
287,3
287,4
288,4
289,3
290,3
290,4
291,3
291,4
292,3
292,4
293,3
293,4
294,2
294,3
294,4
295,3
295,4
296,3
296,4
297,1
298,4
299,3
299,4
300,3
300,4
301,3
301,4
302,1
302,2
303,1
303,2
304,2
304,3
304,4
305,1
305,2
305,3
306,1
306,2
307,1
307,2
307,3
308,2
308,3
308,4
309,1
310,1
310,2
311,1
311,2
312,1
312,2
313,1
313,2
314,1
314,2
315,1
315,2
316,1
316,2
317,1
318,1
318,2
319,1
319,2
320,1
320,2
321,1
321,2
322,1
322,2
323,7
323,8
324,4
324,5
325,1
325,2
326,6
326,7
326,8
327,3
327,4
327,5
328,1
328,2
328,3
329,7
329,8
330,7
330,8
331,6
331,7
331,8
332,7
332,8
333,8
334,7
334,8
335,4
335,5
336,6
336,7
336,8
337,7
337,8
338,7
338,8
339,7
339,8
340,7
340,8
341,7
341,8
342,6
342,7
342,8
343,6
343,7
343,8
344,6
344,7
344,8
345,4
345,5
346,5
346,6
347,4
347,5
347,6
348,4
348,5
348,6
349,5
349,6
350,6
350,7
350,8
351,6
352,6
352,7
352,8
353,1
353,2
353,3
354,3
354,4
354,5
355,6
355,7
356,5
356,6
357,4
357,5
358,3
358,4
358,5
359,5
359,6
359,7
360,4
360,5
361,4
362,4
362,5
363,3
363,4
363,5
364,3
364,4
364,5
365,1
365,2
365,3
366,3
367,1
367,2
367,3
368,1
368,2
368,3
369,3
369,4
370,3
370,4
371,1
371,2
371,3
372,3
372,4
373,1
373,2
374,1
374,2
374,3
375,1
375,2
376,1
376,2
376,3
377,1
377,2
378,1
378,2
379,1
379,2
380,1
380,2
381,1
381,2
382,1
382,2
383,1
383,2
383,3
384,1
384,2
385,1
385,2
385,3
386,1
386,2
386,3
387,1
387,2
387,3
388,6
388,7
388,8
389,1
389,2
389,3
390,6
390,7
390,8
391,7
391,8
392,5
392,6
393,7
393,8
394,7
394,8
395,7
395,8
396,6
396,7
397,8
398,8
399,8
400,6
400,7
401,1
401,2
401,3
402,7
402,8
403,6
403,7
403,8
404,7
404,8
405,4
405,5
406,6
406,7
406,8
407,1
407,2
408,5
408,6
409,7
409,8
410,6
410,7
410,8
411,7
411,8
412,7
412,8
413,4
414,5
414,6
415,6
415,7
415,8
416,6
416,7
416,8
417,6
417,7
418,5
418,6
419,6
420,4
420,5
421,6
421,7
421,8
422,6
423,1
423,2
423,3
424,5
425,3
425,4
425,5
426,4
426,5
427,4
427,5
428,4
429,4
429,5
429,6
430,4
430,5
431,3
431,4
432,4
432,5
433,4
433,5
433,6
434,4
434,5
434,6
435,2
435,3
436,3
436,4
437,3
437,4
437,5
438,3
438,4
439,3
439,4
440,3
440,4
440,5
441,3
442,3
442,4
442,5
443,1
443,2
443,3
444,1
444,2
444,3
445,1
445,2
445,3
446,1
446,2
447,1
448,1
448,2
449,1
449,2
450,1
450,2
450,3
451,1
451,2
452,1
452,2
452,3
453,1
453,2
454,1
454,2
455,1
455,2
456,1
456,2
457,1
457,2
458,1
458,2
458,3
459,4
459,5
460,1
460,2
461,6
462,1
462,2
462,3
463,1
463,2
463,3
464,4
464,5
465,6
465,7
465,8
466,3
466,4
467,7
467,8
468,1
468,2
468,3
469,6
469,7
469,8
470,7
470,8
471,6
471,7
471,8
472,7
472,8
473,8
474,7
474,8
475,7
475,8
476,7
476,8
477,7
477,8
477,9
478,3
478,4
478,5
479,7
479,8
480,6
480,7
480,8
481,7
481,8
482,6
483,6
483,7
483,8
484,3
484,4
484,5
485,6
485,7
485,8
486,6
486,7
486,8
487,6
487,7
487,8
488,6
489,5
489,6
490,6
490,7
490,8
491,6
491,7
491,8
492,4
492,5
493,6
494,4
494,5
495,5
495,6
496,4
496,5
496,6
497,5
497,6
497,7
498,4
498,5
499,5
500,5
500,6
501,3
501,4
501,5
502,5
503,4
503,5
504,4
504,5
505,4
505,5
506,3
506,4
507,2
507,3
508,3
508,4
509,3
509,4
510,3
510,4
510,5
511,3
511,4
511,5
512,3
512,4
512,5
513,3
513,4
513,5
514,1
514,2
515,1
515,2
516,1
516,2
517,1
517,2
518,1
518,2
519,1
519,2
520,1
520,2
520,3
521,1
521,2
521,3
522,1
522,2
522,3
523,1
523,2
524,1
524,2
525,1
525,2
526,1
526,2
527,1
527,2
528,1
529,1
529,2
529,3
530,1
530,2
530,3
531,6
532,7
532,8
533,5
533,6
534,2
534,3
535,7
535,8
536,5
536,6
537,3
537,4
538,6
538,7
538,8
539,4
539,5
540,6
541,8
542,4
542,5
543,7
543,8
544,5
544,6
545,7
545,8
546,7
546,8
547,7
547,8
548,6
548,7
548,8
549,4
549,5
550,7
550,8
551,7
551,8
552,7
552,8
553,7
553,8
554,7
554,8
555,7
555,8
556,6
557,6
557,7
557,8
558,5
558,6
559,5
559,6
560,6
560,7
560,8
561,6
561,7
562,6
562,7
562,8
563,6
563,7
563,8
564,5
565,4
565,5
566,5
566,6
567,5
567,6
567,7
568,4
568,5
569,4
569,5
570,4
570,5
571,5
571,6
572,5
572,6
573,2
573,3
573,4
574,5
574,6
575,2
575,3
576,4
576,5
577,4
577,5
578,4
579,4
580,2
580,3
581,4
581,5
582,2
582,3
583,2
583,3
583,4
584,2
584,3
585,2
585,3
585,4
586,2
586,3
587,2
587,3
588,2
588,3
589,2
589,3
589,4
590,2
590,3
591,2
591,3
591,4
592,2
592,3
592,4
593,2
593,3
593,4
594,1
595,1
595,2
596,1
596,2
597,0
598,1
599,1
600,5
600,6
601,2
601,3
602,2
602,3
603,5
603,6
604,2
604,3
605,2
605,3
606,2
606,3
607,1
607,2
608,1
609,5
609,6
610,5
610,6
611,5
611,6
612,2
612,3
612,4
613,2
613,3
613,4
614,5
614,6
615,5
615,6
616,2
616,3
616,4
617,2
617,3
618,4
618,5
618,6
619,4
619,5
619,6
620,2
620,3
620,4
621,4
621,5
621,6
622,5
622,6
623,2
623,3
624,5
624,6
625,4
625,5
625,6
626,5
626,6
627,4
627,5
627,6
628,2
628,3
629,5
629,6
630,5
630,6
631,1
632,4
632,5
633,2
633,3
633,4
634,1
635,1
636,2
636,3
637,2
637,3
637,4
638,2
638,3
639,2
639,3
640,2
640,3
641,1
642,2
642,3
643,2
643,3
644,1
645,1
646,1
647,1
648,1
649,1
650,1
651,1
652,1
653,1
654,1
655,1
656,1
657,1
658,1
659,1
660,1
661,1
662,1
663,1
664,1
665,1
666,1
667,1
668,1
669,1
670,1
671,1
672,3
672,4
673,1
673,2
674,1
674,2
675,1
675,2
676,3
676,4
677,3
677,4
678,1
678,2
679,3
679,4
680,1
680,2
681,1
681,2
681,3
682,4
683,2
683,3
683,4
684,3
684,4
685,3
685,4
686,3
686,4
687,1
687,2
687,3
688,1
688,2
689,1
689,2
690,1
691,1
692,1
692,2
693,1
693,2
694,1
694,2
695,1
695,2
696,1
696,2
697,1
697,2
698,1
698,2
699,2025
699,3
699,2
699,0
699,0
699,0
700,3
700,4
700,5
701,6
701,7
701,8
702,3
702,4
702,5
703,7
703,8
704,7
704,8
705,7
705,8
706,8
707,7
707,8
708,7
708,8
709,7
709,8
710,4
710,5
711,7
711,8
712,7
712,8
713,6
713,7
713,8
714,5
714,6
715,5
715,6
716,6
717,5
717,6
718,5
718,6
719,4
719,5
720,5
720,6
721,5
721,6
722,5
722,6
723,5
723,6
724,4
724,5
725,3
725,4
726,3
726,4
727,1
727,2
727,3
728,1
728,2
728,3
729,1
729,2
730,3
730,4
731,3
731,4
732,1
732,2
732,3
733,3
733,4
734,1
734,2
735,2
735,3
735,4
736,1
736,2
736,3
737,1
738,1
738,2
739,1
739,2
739,3
740,1
740,2
740,3
741,1
741,2
742,1
742,2
743,1
743,2
744,1
744,2
745,6
745,7
745,8
746,3
746,4
746,5
747,6
747,7
747,8
748,4
748,5
749,7
749,8
750,1
750,2
750,3
751,7
751,8
752,7
752,8
753,8
754,6
754,7
754,8
755,7
755,8
756,3
756,4
756,5
757,4
757,5
758,1
758,2
759,6
759,7
760,7
760,8
761,7
761,8
762,5
762,6
763,6
763,7
763,8
764,1
764,2
765,5
765,6
766,6
766,7
766,8
767,6
767,7
768,6
768,7
768,8
769,6
769,7
769,8
770,4
770,5
771,1
771,2
772,6
772,7
773,4
773,5
774,4
774,5
775,3
775,4
776,1
776,2
776,3
777,1
777,2
778,4
778,5
779,2
780,4
780,5
780,6
781,3
781,4
781,5
782,1
782,2
782,3
783,1
783,2
783,3
784,3
784,4
784,5
785,3
785,4
786,1
786,2
786,3
787,1
787,2
787,3
788,1
788,2
788,3
789,1
789,2
790,1
790,2
791,7
791,8
792,6
792,7
792,8
793,6
793,7
793,8
794,7
794,8
795,7
795,8
796,6
796,7
796,8
797,7
797,8
798,3
798,4
798,5
799,6
799,7
800,6
800,7
800,8
801,6
801,7
801,8
801,9
802,5
802,6
803,6
803,7
803,8
804,6
804,7
804,8
805,6
805,7
806,4
806,5
807,3
807,4
807,5
808,5
808,6
808,7
809,4
809,5
810,5
810,6
811,1
811,2
811,3
812,4
812,5
812,6
813,4
813,5
813,6
814,1
814,2
814,3
815,1
815,2
815,3
816,4
816,5
817,4
817,5
818,3
818,4
819,3
819,4
819,5
820,1
820,2
820,3
821,1
821,2
822,1
822,2
823,1
823,2
823,3
824,1
824,2
824,3
825,3
825,4
825,5
826,3
826,4
827,1
827,2
828,1
828,2
829,1
829,2
829,3
830,1
830,2
831,1
831,2
832,1
832,2
832,3
833,1
834,1
834,2
835,1
835,2
835,3
836,7
836,8
837,4
837,5
838,7
838,8
839,7
839,8
840,6
840,7
841,2
841,3
842,7
842,8
843,7
843,8
844,6
844,7
844,8
845,7
845,8
846,7
846,8
847,7
847,8
848,7
848,8
849,7
849,8
850,4
850,5
851,5
851,6
852,2
852,3
853,5
853,6
854,2
854,3
855,5
855,6
856,2
856,3
856,4
857,6
857,7
857,8
858,4
858,5
859,6
859,7
859,8
860,4
860,5
860,6
861,4
861,5
862,5
862,6
863,4
863,5
863,6
864,5
864,6
864,7
865,2
865,3
865,4
866,2
866,3
866,4
867,5
867,6
868,5
868,6
869,2
869,3
869,4
870,3
870,4
871,2
871,3
872,2
872,3
873,2
873,3
873,4
874,2
874,3
875,2
875,3
876,1
876,2
877,7
877,8
878,1
878,2
879,1
879,2
880,3
881,2
881,3
881,4
882,2
882,3
883,3
883,4
884,1
884,2
884,3
885,1
885,2
886,8
886,9
887,1
887,2
887,3
888,1
888,2
889,6
889,7
889,8
890,1
891,1
892,7
892,8
893,7
893,8
894,6
894,7
894,8
895,2
896,6
897,1
897,2
898,1
898,2
899,1
899,2
900,1
900,2
900,3
901,5
901,6
902,6
902,7
903,1
903,2
903,3
904,1
904,2
909,1
910,1
911,1
911,2
912,1
913,5
913,6
914,0
915,3
916,2
916,3
916,4
917,5
917,6
918,2
918,3
919,1
919,2
920,1
921,1
921,2
921,3
922,1
922,2
923,1
923,2
924,1
924,2
924,3
925,0
925,1
926,1
926,2
927,1
927,2
927,3
928,1
928,2
929,1
929,2
929,3
930,3
930,4
930,5
931,3
931,4
932,1
932,2
933,1
933,2
933,3
934,1
934,2
934,3
935,3
935,4
935,5
936,3
936,4
936,5
937,1
937,2
937,3
938,3
938,4
938,5
939,1
939,2
940,4
940,5
941,4
941,5
942,4
942,5
943,4
943,5
944,3
944,4
944,5
945,1
945,2
946,4
946,5
947,4
947,5
947,6
948,3
948,4
949,6
949,7
949,8
950,6
950,7
950,8
951,6
951,7
951,8
952,4
952,5
953,6
954,4
954,5
955,6
955,7
955,8
956,5
956,6
956,7
957,5
957,6
958,7
958,8
959,7
959,8
960,7
960,8
961,2
961,3
962,7
962,8
964,7
964,8
965,8
966,5
966,6
967,7
967,8
968,9
969,8
970,6
970,7
970,8
971,4
971,5
972,7
972,8
973,7
973,8
974,6
974,7
974,8
975,3
975,4
976,6
976,7
976,8
977,1
977,2
977,3
978,1
978,2
978,3
979,1
979,2
980,1
980,2
981,1
982,1
982,2
983,1
983,2
983,3
984,1
984,2
985,1
985,2
985,3
986,1
986,2
986,3
987,1
987,2
988,1
988,2
989,3
990,3
990,4
990,5
991,3
991,4
992,3
992,4
992,5
993,3
993,4
994,4
994,5
994,6
995,4
995,5
995,6
996,4
997,5
997,6
998,1
998,2
998,3
999,5
999,6
1000,5
1000,6
1001,6
1001,7
1001,8
1002,6
1002,7
1002,8
1003,6
1004,3
1004,4
1005,6
1005,7
1005,8
1006,3
1006,4
1006,5
1007,6
1007,7
1007,8
1008,4
1008,5
1009,6
1009,7
1010,7
1010,8
1011,7
1011,8
1012,7
1012,8
1013,1
1013,2
1013,3
1014,7
1014,8
1015,7
1015,8
1016,8
1017,6
1017,7
1018,7
1018,8
1019,6
1019,7
1019,8
1020,1
1020,2
1021,4
1021,5
1022,7
1022,8
1023,2
1023,3
1024,6
1025,8
1026,1
1026,2
1026,3
1027,1
1027,2
1028,1
1028,2
1029,1
1029,2
1030,1
1030,2
1031,1
1031,2
1031,3
1032,1
1032,2
1032,3
1033,1
1033,2
1033,3
1034,1
1034,2
1034,3
1035,1
1035,2
1035,3
1036,3
1036,4
1037,3
1038,3
1038,4
1038,5
1039,3
1039,4
1040,3
1040,4
1041,3
1041,4
1041,5
1042,3
1042,4
1042,5
1043,1
1043,2
1044,1
1044,2
1045,1
1045,2
1046,1
1046,2
1047,3
1047,4
1047,5
1048,5
1048,6
1049,4
1050,3
1050,4
1050,5
1051,6
1051,7
1051,8
1052,4
1052,5
1053,4
1053,5
1054,4
1054,5
1054,6
1055,5
1055,6
1056,5
1056,6
1057,4
1057,5
1058,5
1058,6
1059,6
1059,7
1059,8
1060,6
1060,7
1060,8
1061,6
1061,7
1061,8
1062,6
1063,6
1063,7
1063,8
1064,4
1064,5
1064,6
1065,6
1065,7
1065,8
1066,4
1066,5
1066,6
1067,7
1067,8
1068,7
1068,8
1069,7
1069,8
1070,6
1070,7
1071,8
1072,7
1072,8
1073,7
1073,8
1074,7
1074,8
1075,4
1075,5
1076,1
1076,2
1076,3
1077,1
1077,2
1077,3
1078,6
1078,7
1078,8
1079,7
1079,8
1080,1
1080,2
1081,4
1081,5
1082,7
1082,8
1083,3
1083,4
1083,5
1084,6
1084,7
1084,8
1085,1
1085,2
1086,1
1086,2
1086,3
1087,6
1087,7
1087,8
1088,1
1088,2
1089,1
1089,2
1090,1
1090,2
1091,1
1091,2
1092,1
1092,2
1093,1
1094,1
1094,2
1095,1
1095,2
1095,3
1096,1
1097,1
1097,2
1098,1
1098,2
1099,1
1100,1
1100,2
1101,2
1101,3
1101,4
1102,1
1102,2
1102,3
1103,1
1103,2
1104,2
1104,3
1104,4
1105,1
1105,2
1106,1
1106,2
1107,1
1107,2
1108,3
1108,4
1109,3
1109,4
1110,3
1111,3
1111,4
1112,3
1112,4
1113,3
1113,4
1114,1
1114,2
1115,3
1115,4
1116,4
1117,4
1118,1
1118,2
1119,4
1119,5
1120,3
1120,4
1121,3
1121,4
1122,3
1122,4
1123,3
1123,4
1124,2
1124,3
1124,4
1125,3
1125,4
1126,1
1127,1
1128,1
1129,1
1130,1
1131,1
1132,1
1133,1
1134,2
1134,3
1134,4
1135,2
1135,3
1136,2
1136,3
1137,1
1138,2
1138,3
1138,4
1139,2
1139,3
1140,2
1140,3
1140,4
1141,2
1141,3
1142,2
1142,3
1142,4
1143,2
1143,3
1144,2
1144,3
1144,4
1145,2
1145,3
1146,3
1146,4
1147,2
1147,3
1148,1
1149,1
1150,2
1150,3
1151,2
1151,3
1151,4
1152,2
1152,3
1152,4
1153,4
1153,5
1153,6
1154,4
1155,4
1155,5
1155,6
1156,4
1156,5
1157,4
1157,5
1157,6
1158,5
1158,6
1159,5
1159,6
1160,5
1160,6
1161,7
1161,8
1162,4
1162,5
1163,5
1163,6
1164,1
1165,6
1166,5
1166,6
1167,6
1168,5
1168,6
1169,4
1169,5
1169,6
1170,2
1170,3
1170,4
1171,5
1171,6
1172,5
1172,6
1173,2
1173,3
1173,4
1174,5
1174,6
1175,2
1175,3
1176,1
1176,2
1177,1
1177,2
1178,2
1178,3
1178,4
1179,1
1179,2
1179,3
1180,2
1181,1
1181,2
1181,3
1182,1
1182,2
1182,3
1183,2
1183,3
1184,1
1184,2
1185,1
1185,2
1185,3
1186,2
1186,3
1186,4
1187,2
1187,3
1187,4
1188,4
1188,5
1189,4
1189,5
1190,3
1190,4
1191,3
1191,4
1192,4
1192,5
1192,6
1193,2
1193,3
1194,3
1194,4
1195,4
1195,5
1196,5
1196,6
1197,4
1197,5
1198,3
1198,4
1199,4
1199,5
1199,6
1200,4
1200,5
1201,1
1201,2
1202,3
1202,4
1203,1
1203,2
1204,6
1204,7
1204,8
1205,5
1206,5
1206,6
1207,5
1207,6
1207,7
1208,6
1208,7
1208,8
1209,4
1209,5
1210,6
1210,7
1211,5
1211,6
1212,6
1212,7
1212,8
1213,7
1213,8
1214,5
1214,6
1214,7
1215,6
1215,7
1216,6
1216,7
1217,6
1217,7
1218,7
1218,8
1219,6
1219,7
1220,7
1221,7
1221,8
1222,6
1222,7
1223,1
1223,2
1223,3
1224,7
1224,8
1225,6
1225,7
1225,8
1226,1
1226,2
1227,1
1227,2
1228,1
1228,2
1229,1
1229,2
1230,1
1230,2
1230,3
1231,1
1231,2
1231,3
1232,1
1232,2
1232,3
1233,1
1233,2
1234,1
1234,2
1234,3
1235,4
1235,5
1235,6
1236,3
1236,4
1236,5
1237,1
1237,2
1238,3
1238,4
1238,5
1239,1
1239,2
1239,3
1240,1
1240,2
1240,3
1241,3
1241,4
1242,4
1242,5
1243,1
1243,2
1244,3
1244,4
1245,4
1245,5
1246,4
1246,5
1247,4
1247,5
1248,3
1248,4
1248,5
1249,4
1249,5
1249,6
1250,4
1250,5
1251,5
1251,6
1252,6
1252,7
1252,8
1253,6
1253,7
1253,8
1254,5
1254,6
1255,6
1255,7
1255,8
1256,6
1257,3
1257,4
1257,5
1258,1
1258,2
1259,4
1259,5
1260,6
1260,7
1260,8
1261,5
1261,6
1261,7
1262,1
1263,5
1264,6
1265,7
1265,8
1266,6
1266,7
1266,8
1267,7
1267,8
1268,7
1268,8
1269,6
1269,7
1269,8
1270,7
1270,8
1271,3
1271,4
1272,7
1272,8
1273,1
1274,7
1274,8
1275,2
1275,3
1276,4
1276,5
1277,1
1277,2
1278,1
1278,2
1278,3
1279,1
1279,2
1280,1
1280,2
1280,3
1281,1
1281,2
1282,1
1282,2
1283,1
1283,2
1284,1
1284,2
1285,1
1285,2
1285,3
1286,1
1286,2
1286,3
1287,3
1287,4
1288,1
1288,2
1289,1
1289,2
1289,3
1290,1
1290,2
1291,3
1291,4
1291,5
1292,1
1292,2
1293,3
1293,4
1294,3
1294,4
1295,3
1295,4
1296,1
1296,2
1297,3
1297,4
1297,5
1298,5
1298,6
1299,4
1299,5
1299,6
1300,4
1300,5
1300,6
1301,4
1302,4
1302,5
1303,4
1303,5
1304,4
1304,5
1304,6
1305,4
1305,5
1306,4
1306,5
1307,4
1307,5
1308,4
1308,5
1309,3
1309,4
1309,5
1310,5
1310,6
1311,1
1311,2
1311,3
1312,1
1312,2
1312,3
1313,6
1313,7
1313,8
1314,6
1314,7
1314,8
1315,7
1315,8
1316,7
1316,8
1317,7
1317,8
1318,6
1318,7
1319,7
1319,8
1320,5
1320,6
1321,7
1321,8
1322,7
1322,8
1323,6
1323,7
1323,8
1324,7
1324,8
1325,8
1326,1
1326,2
1326,3
1327,6
1327,7
1327,8
1328,7
1328,8
1329,5
1329,6
1330,7
1330,8
1331,6
1331,7
1331,8
1332,1
1332,2
1332,3
1333,6
1333,7
1333,8
1334,1
1334,2
1335,1
1335,2
1336,1
1336,2
1336,3
1337,1
1337,2
1338,1
1338,2
1339,1
1339,2
1340,1
1340,2
1341,1
1341,2
1342,1
1342,2
1342,3
1343,1
1343,2
1344,1
1344,2
1344,3
1345,3
1345,4
1346,3
1346,4
1347,1
1347,2
1347,3
1348,3
1348,4
1348,5
1349,1
1349,2
1349,3
1350,3
1350,4
1351,3
1351,4
1351,5
1352,4
1352,5
1353,4
1353,5
1353,6
1354,6
1354,7
1354,8
1355,4
1355,5
1355,6
1356,1
1356,2
1356,3
1357,1
1357,2
1357,3
1358,3
1358,4
1358,5
1359,5
1359,6
1360,4
1360,5
1361,1
1361,2
1362,4
1362,5
1363,4
1363,5
1364,3
1364,4
1364,5
1365,6
1365,7
1365,8
1366,6
1366,7
1366,8
1367,6
1367,7
1368,5
1368,6
1369,5
1369,6
1370,4
1370,5
1370,6
1371,1
1371,2
1371,3
1372,4
1372,5
1373,5
1373,6
1374,6
1374,7
1374,8
1375,7
1375,8
1376,7
1376,8
1377,7
1377,8
1378,7
1378,8
1379,7
1379,8
1380,7
1380,8
1381,6
1381,7
1381,8
1382,6
1382,7
1382,8
1383,6
1383,7
1383,8
1384,3
1384,4
1384,5
1385,7
1385,8
1386,1
1387,1
1387,2
1388,1
1388,2
1389,1
1389,2
1390,1
1390,2
1391,1
1391,2
1392,1
1392,2
1393,1
1393,2
1394,1
1394,2
1395,1
1395,2
1396,1
1396,2
1397,2
1397,3
1397,4
1398,1
1398,2
1399,1
1399,2
1400,1
1400,2
1401,2
1401,3
1401,4
1402,1
1402,2
1402,3
1403,3
1403,4
1404,3
1404,4
1405,3
1405,4
1406,3
1407,3
1407,4
1408,3
1408,4
1409,3
1409,4
1410,3
1410,4
1411,4
1412,3
1412,4
1413,1
1413,2
1414,3
1414,4
1415,3
1415,4
1416,3
1416,4
1417,3
1417,4
1418,1
1418,2
1419,3
1419,4
1420,1
1421,1
1422,1
1423,1
1424,1
1425,1
1426,1
1427,1
1428,1
1429,1
1430,2
1430,3
1431,2
1431,3
1431,4
1432,2
1432,3
1432,4
1433,1
1434,2
1434,3
1435,2
1435,3
1436,2
1436,3
1436,4
1437,2
1437,3
1438,2
1438,3
1438,4
1439,1
1440,2
1440,3
1440,4
1441,2
1441,3
1442,3
1442,4
1443,1
1444,2
1444,3
1445,2
1445,3
1445,4
1446,2
1446,3
1446,4
1447,4
1447,5
1447,6
1448,4
1448,5
1449,4
1449,5
1449,6
1450,5
1450,6
1451,5
1451,6
1452,2
1452,3
1452,4
1453,5
1453,6
1454,5
1454,6
1455,5
1455,6
1456,2
1456,3
1457,5
1457,6
1458,5
1458,6
1459,4
1459,5
1459,6
1460,5
1460,6
1461,2
1461,3
1462,2
1462,3
1463,2
1463,3
1463,4
1464,2
1464,3
1465,2
1465,3
1466,2
1466,3
1466,4
1467,2
1467,3
1468,2
1468,3
1469,2
1469,3
1469,4
1470,2
1470,3
1471,2
1471,3
1472,2
1472,3
1472,4
1473,4
1473,5
1474,4
1474,5
1475,4
1475,5
1476,4
1476,5
1477,4
1477,5
1478,5
1478,6
1479,2
1479,3
1480,5
1480,6
1481,3
1481,4
1482,5
1482,6
1483,4
1483,5
1484,5
1484,6
1485,4
1485,5
1486,5
1486,6
1487,5
1487,6
1488,6
1489,6
1489,7
1489,8
1490,6
1491,5
1491,6
1491,7
1492,6
1492,7
1492,8
1493,5
1493,6
1494,2
1494,3
1494,4
1495,2
1496,6
1496,7
1497,7
1497,8
1498,7
1498,8
1499,5
1499,6
1500,7
1500,8
1501,7
1501,8
1502,7
1502,8
1503,6
1503,7
1503,8
1504,7
1504,8
1505,8
1506,7
1506,8
1507,7
1507,8
1508,7
1508,8
1509,6
1509,7
1509,8
1510,7
1510,8
1511,4
1511,5
1512,2
1512,3
1513,3
1513,4
1514,6
1514,7
1514,8
1515,1
1515,2
1515,3
1516,1
1516,2
1516,3
1517,6
1517,7
1517,8
1518,1
1518,2
1518,3
1519,1
1519,2
1520,3
1520,4
1521,7
1521,8
1522,1
1522,2
1522,3
1523,1
1523,2
1523,3
1524,1
1524,2
1524,3
1525,4
1525,5
1525,6
1526,6
1526,7
1526,8
1527,3
1527,4
1527,5
1528,3
1528,4
1529,6
1529,7
1529,8
1530,5
1530,6
1531,2
1531,3
1532,2
1532,3
1532,4
1533,2
1533,3
1534,2
1534,3
1535,2
1535,3
1535,4
1536,2
1536,3
1537,2
1537,3
1538,2
1538,3
1538,4
1539,2
1540,2
1540,3
1540,4
1541,2
1541,3
1541,4
1542,2
1542,3
1543,4
1543,5
1544,4
1544,5
1545,4
1545,5
1546,2
1546,3
1546,4
1547,2
1547,3
1548,4
1548,5
1549,2
1549,3
1550,4
1550,5
1551,4
1551,5
1552,2
1552,3
1553,3
1553,4
1554,5
1554,6
1555,5
1555,6
1556,5
1556,6
1557,5
1557,6
1558,5
1558,6
1559,6
1559,7
1559,8
1560,6
1561,6
1561,7
1561,8
1562,5
1562,6
1562,7
1563,5
1563,6
1564,7
1564,8
1565,7
1565,8
1566,7
1566,8
1567,5
1567,6
1568,6
1568,7
1568,8
1569,7
1569,8
1570,6
1570,7
1571,7
1571,8
1572,5
1572,6
1573,7
1573,8
1574,7
1574,8
1575,5
1575,6
1576,7
1576,8
1577,7
1577,8
1577,9
1578,2
1578,3
1578,4
1579,7
1579,8
1580,4
1580,5
1581,6
1581,7
1581,8
1582,2
1582,3
1582,4
1583,6
1583,7
1583,8
1584,1
1584,2
1585,1
1585,2
1586,1
1586,2
1587,1
1587,2
1588,1
1588,2
1589,1
1589,2
1589,3
1590,1
1590,2
1591,1
1591,2
1592,1
1592,2
1592,3
1593,1
1593,2
1594,1
1594,2
1595,3
1595,4
1595,5
1596,3
1596,4
1596,5
1597,3
1597,4
1598,3
1598,4
1598,5
1599,1
1599,2
1600,3
1600,4
1600,5
1601,2
1601,3
1602,4
1602,5
1603,4
1603,5
1604,3
1604,4
1605,4
1605,5
1606,4
1606,5
1607,5
1607,6
1608,4
1608,5
1608,6
1609,6
1609,7
1609,8
1610,1
1610,2
1611,4
1611,5
1612,4
1612,5
1613,3
1613,4
1613,5
1614,5
1614,6
1614,7
1615,6
1616,6
1616,7
1616,8
1617,5
1617,6
1618,6
1618,7
1618,8
1619,6
1619,7
1619,8
1620,7
1620,8
1621,7
1621,8
1622,7
1622,8
1623,7
1623,8
1624,1
1624,2
1624,3
1625,1
1625,2
1625,3
1626,6
1626,7
1626,8
1627,7
1627,8
1628,7
1628,8
1629,3
1629,4
1629,5
1630,7
1630,8
1631,6
1631,7
1631,8
1632,7
1632,8
1633,3
1633,4
1634,6
1634,7
1634,8
1635,4
1635,5
1636,1
1636,2
1637,1
1637,2
1638,1
1638,2
1639,1
1639,2
1639,3
1640,1
1640,2
1640,3
1641,1
1641,2
1642,1
1642,2
1643,1
1643,2
1643,3
1644,1
1644,2
1644,3
1645,3
1645,4
1646,1
1646,2
1647,1
1647,2
1647,3
1648,1
1648,2
1648,3
1649,1
1649,2
1649,3
1650,1
1650,2
1651,3
1651,4
1652,4
1652,5
1652,6
1653,4
1654,3
1654,4
1655,3
1655,4
1656,4
1656,5
1656,6
1657,4
1657,5
1657,6
1658,4
1658,5
1659,4
1659,5
1660,4
1660,5
1661,5
1661,6
1662,4
1662,5
1663,4
1663,5
1664,5
1664,6
1665,3
1665,4
1665,5
1666,6
1666,7
1667,6
1667,7
1667,8
1668,3
1668,4
1668,5
1669,6
1669,7
1670,7
1670,8
1671,7
1671,8
1672,7
1672,8
1673,6
1673,7
1673,8
1674,3
1674,4
1674,5
1675,7
1675,8
1676,6
1676,7
1676,8
1677,6
1677,7
1677,8
1678,7
1678,8
1679,3
1679,4
1679,5
1680,6
1680,7
1680,8
1681,8
1682,1
1682,2
1683,5
1683,6
1684,7
1684,8
1685,7
1685,8
1686,1
1686,2
1686,3
1687,6
1687,7
1687,8
1688,1
1688,2
1688,3
1689,6
1689,7
1689,8
1690,3
1690,4
1690,5
1691,6
1691,7
1691,8
1692,1
1692,2
1693,1
1693,2
1693,3
1694,1
1694,2
1695,1
1695,2
1696,1
1696,2
1697,1
1697,2
1697,3
1698,1
1698,2
1699,1
1699,2
1699,3
1700,1
1700,2
1701,1
1701,2
1701,3
1702,1
1702,2
1702,3
1703,3
1703,4
1704,3
1704,4
1704,5
1705,3
1705,4
1706,1
1706,2
1707,3
1707,4
1707,5
1708,3
1708,4
1708,5
1709,3
1709,4
1710,1
1710,2
1711,4
1711,5
1712,3
1712,4
1712,5
1713,4
1713,5
1713,6
1714,4
1714,5
1714,6
1715,5
1715,6
1716,4
1716,5
1717,5
1717,6
1718,6
1718,7
1719,6
1719,7
1719,8
1720,1
1720,2
1720,3
1721,3
1721,4
1721,5
1722,4
1722,5
1722,6
1723,6
1723,7
1723,8
1724,6
1724,7
1724,8
1725,6
1725,7
1725,8
1726,5
1726,6
1727,6
1727,7
1727,8
1728,4
1728,5
1728,6
1729,4
1729,5
1730,7
1730,8
1731,7
1731,8
1732,6
1732,7
1732,8
1733,7
1733,8
1734,7
1734,8
1735,7
1735,8
1736,7
1736,8
1737,7
1737,8
1738,1
1739,1
1739,2
1740,1
1740,2
1741,1
1741,2
1742,1
1742,2
1743,1
1743,2
1744,1
1744,2
1744,3
1745,1
1745,2
1746,1
1746,2
1746,3
1747,1
1747,2
1748,2
1748,3
1748,4
1749,2
1749,3
1749,4
1750,1
1750,2
1751,1
1751,2
1751,3
1752,1
1752,2
1753,1
1753,2
1754,1
1754,2
1755,1
1755,2
1756,3
1756,4
1757,3
1757,4
1758,1
1758,2
1759,1
1760,1
1761,1
1762,2
1762,3
1762,4
1763,2
1763,3
1763,4
1764,2
1764,3
1765,1
1766,2
1766,3
1766,4
1767,2
1767,3
1767,4
1768,2
1768,3
1769,1
1770,2
1770,3
1770,4
1771,2
1771,3
1771,4
1772,1
1773,2
1773,3
1774,2
1774,3
1775,1
1776,2
1776,3
1777,4
1777,5
1777,6
1778,4
1778,5
1778,6
1779,4
1779,5
1780,2
1780,3
1780,4
1781,5
1781,6
1782,1
1783,5
1783,6
1784,5
1784,6
1785,5
1785,6
1786,5
1786,6
1787,2
1787,3
1788,5
1788,6
1789,5
1789,6
1790,3
1790,4
1791,5
1791,6
1792,5
1792,6
1793,2
1793,3
1794,5
1794,6
1795,2
1795,3
1795,4
1796,2
1796,3
1797,2
1797,3
1798,2
1798,3
1799,2
1799,3
1799,4
1800,2
1800,3
1801,2
1801,3
1802,2
1802,3
1802,4
1803,2
1804,2
1804,3
1804,4
1805,2
1805,3
1805,4
1806,2
1806,3
1807,3
1807,4
1808,2
1808,3
1808,4
1809,5
1809,6
1810,2
1810,3
1811,2
1811,3
1812,4
1812,5
1813,4
1813,5
1814,4
1814,5
1815,4
1815,5
1816,5
1816,6
1817,4
1817,5
1818,4
1818,5
1819,2
1819,3
1820,2
1820,3
1821,5
1821,6
1822,5
1822,6
1823,5
1823,6
1824,5
1824,6
1825,4
1825,5
1826,6
1827,6
1827,7
1827,8
1828,5
1828,6
1829,5
1829,6
1829,7
1830,6
1830,7
1831,6
1831,7
1831,8
1832,7
1832,8
1833,6
1833,7
1833,8
1834,7
1834,8
1835,5
1835,6
1836,5
1836,6
1837,7
1837,8
1838,7
1838,8
1839,6
1839,7
1840,7
1840,8
1841,7
1841,8
1842,6
1842,7
1842,8
1843,5
1843,6
1844,7
1844,8
1845,7
1845,8
1846,7
1846,8
1847,6
1847,7
1847,8
1848,2
1848,3
1848,4
1849,6
1849,7
1849,8
1850,1
1850,2
1851,1
1851,2
1852,1
1852,2
1853,1
1853,2
1854,1
1854,2
1855,1
1855,2
1855,3
1856,1
1856,2
1857,1
1857,2
1857,3
1858,1
1858,2
1858,3
1859,1
1859,2
1860,3
1860,4
1861,3
1861,4
1861,5
1862,3
1862,4
1862,5
1863,3
1863,4
1863,5
1864,3
1864,4
1864,5
1865,3
1865,4
1865,5
1866,1
1866,2
1866,3
1867,1
1867,2
1868,1
1868,2
1869,4
1869,5
1870,4
1870,5
1871,2
1871,3
1872,4
1872,5
1873,4
1873,5
1874,3
1874,4
1874,5
1875,4
1875,5
1876,1
1876,2
1876,3
1877,1
1877,2
1877,3
1878,4
1878,5
1878,6
1879,4
1879,5
1880,5
1880,6
1881,7
1881,8
1882,6
1882,7
1882,8
1883,6
1884,6
1884,7
1884,8
1885,6
1886,6
1886,7
1886,8
1887,1
1887,2
1888,5
1888,6
1889,4
1890,7
1890,8
1891,6
1891,7
1891,8
1892,7
1892,8
1893,5
1893,6
1893,7
1894,7
1894,8
1895,6
1895,7
1895,8
1896,7
1896,8
1897,8
1898,7
1898,8
1899,6
1899,7
1899,8
1900,6
1900,7
1900,8
1901,3
1901,4
1902,6
1902,7
1902,8
1903,4
1903,5
1904,1
1904,2
1905,1
1905,2
1906,1
1906,2
1907,1
1907,2
1908,1
1908,2
1909,1
1909,2
1909,3
1910,1
1910,2
1910,3
1911,1
1911,2
1912,1
1913,1
1913,2
1914,1
1914,2
1915,1
1915,2
1915,3
1916,1
1916,2
1916,3
1917,1
1917,2
1917,3
1918,3
1918,4
1919,1
1919,2
1919,3
1920,1
1920,2
1921,3
1921,4
1921,5
1922,2
1922,3
1923,3
1923,4
1923,5
1924,4
1924,5
1924,6
1925,3
1925,4
1926,4
1926,5
1926,6
1927,4
1927,5
1928,3
1928,4
1929,4
1929,5
1929,6
1930,4
1930,5
1931,4
1931,5
1932,4
1932,5
1933,5
1933,6
1934,5
1934,6
1935,6
1935,7
1936,5
1936,6
1937,6
1937,7
1937,8
1938,5
1938,6
1939,1
1939,2
1939,3
1940,6
1940,7
1940,8
1941,1
1941,2
1941,3
1942,4
1942,5
1943,6
1943,7
1944,7
1944,8
1945,7
1945,8
1946,7
1946,8
1947,7
1947,8
1948,1
1948,2
1948,3
1949,7
1949,8
1950,6
1950,7
1950,8
1951,7
1951,8
1952,7
1952,8
1953,6
1953,7
1954,6
1954,7
1954,8
1955,3
1955,4
1955,5
1956,6
1956,7
1956,8
1957,1
1957,2
1957,3
1958,1
1958,2
1959,1
1959,2
1960,1
1960,2
1961,1
1961,2
1961,3
1962,1
1962,2
1963,1
1963,2
1964,1
1964,2
1965,3
1966,3
1966,4
1966,5
1967,4
1967,5
1968,3
1968,4
1969,1
1969,2
1969,3
1970,3
1970,4
1971,3
1971,4
1971,5
1972,1
1972,2
1972,3
1973,1
1973,2
1973,3
1974,3
1974,4
1974,5
1975,3
1975,4
1975,5
1976,3
1976,4
1977,4
1977,5
1977,6
1978,4
1979,4
1979,5
1979,6
1980,4
1980,5
1980,6
1981,5
1981,6
1982,1
1982,2
1982,3
1983,4
1983,5
1984,5
1984,6
1985,5
1985,6
1986,6
1986,7
1986,8
1987,6
1988,6
1988,7
1989,4
1989,5
1989,6
1990,1
1990,2
1990,3
1991,1
1991,2
1991,3
1992,1
1992,2
1993,4
1993,5
1994,6
1994,7
1994,8
1995,7
1995,8
1996,7
1996,8
1997,4
1997,5
1998,7
1998,8
1999,7
1999,8
2000,7
2000,8
2001,6
2001,7
2001,8
2002,7
2002,8
2003,5
2003,6
2004,4
2004,5
2004,6
2005,6
2005,7
2005,8
2006,8
2007,7
2007,8
2008,6
2008,7
2008,8
2009,6
2009,7
2009,8
2010,3
2010,4
2010,5
2011,7
2011,8
2012,1
2012,2
2013,1
2013,2
2014,1
2014,2
2015,1
2015,2
2016,1
2016,2
2016,3
2017,1
2017,2
2018,1
2018,2
2019,1
2019,2
2020,1
2021,1
2022,1
2022,2
2023,1
2023,2
2024,2
2024,3
2024,4
2025,1
2025,2
2026,1
2026,2
2027,1
2027,2
2028,2
2028,3
2028,4
2029,1
2029,2
2030,3
2031,4
2031,5
2032,3
2032,4
2033,3
2033,4
2034,1
2034,2
2035,3
2035,4
2036,3
2036,4
2037,1
2037,2
2037,3
2038,3
2038,4
2039,4
2040,4
2041,3
2041,4
2042,3
2042,4
2043,3
2043,4
2044,3
2044,4
2045,3
2045,4
2046,3
2046,4
2047,1
2048,1
2049,1
2050,1
2051,1
2052,1
2053,0
2054,2
2054,3
2054,4
2055,2
2055,3
2056,2
2057,2
2057,3
2057,4
2058,2
2058,3
2058,4
2059,2
2059,3
2059,4
2060,1
2061,1
2062,1
2063,1
2064,1
2065,1
2066,1
2067,1
2068,1
2069,1
2070,1
2071,1
2072,1
2073,1
2074,1
2075,1
2076,1
2077,1
2078,1
2079,1
2080,1
2081,2
2082,2
2082,3
2082,4
2083,3
2083,4
2084,2
2084,3
2084,4
2085,1
2086,2
2086,3
2087,1
2088,4
2088,5
2088,6
2089,4
2089,5
2090,2
2090,3
2091,4
2091,5
2091,6
2092,2
2092,3
2093,5
2093,6
2094,5
2094,6
2095,5
2095,6
2096,5
2096,6
2097,2
2097,3
2098,5
2098,6
2099,4
2099,5
2100,5
2100,6
2101,5
2101,6
2102,2
2102,3
2103,2
2103,3
2104,5
2104,6
2105,5
2105,6
2106,5
2106,6
2107,4
2108,6
2109,5
2109,6
2110,2
2110,3
2110,4
2111,2
2111,3
2111,4
2112,5
2112,6
2113,2
2113,3
2114,2
2114,3
2114,4
2115,1
2115,2
2116,1
2116,2
2116,3
2117,1
2117,2
2118,1
2118,2
2118,3
2119,1
2119,2
2120,1
2120,2
2121,1
2121,2
2122,1
2122,2
2122,3
2123,1
2123,2
2123,3
2124,2
2124,3
2124,4
2125,1
2125,2
2126,2
2127,2
2127,3
2128,1
2128,2
2129,4
2129,5
2130,4
2130,5
2131,2
2131,3
2132,3
2132,4
2133,3
2134,3
2134,4
2135,3
2135,4
2137,4
2138,4
2138,5
2139,4
2139,5
2140,3
2140,4
2141,5
2141,6
2142,5
2142,6
2143,4
2143,5
2144,4
2144,5
2145,5
2146,5
2146,6
2146,7
2147,6
2147,7
2147,8
2148,5
2149,6
2149,7
2149,8
2150,4
2150,5
2151,5
2151,6
2151,7
2152,3
2152,4
2153,6
2153,7
2154,6
2154,7
2155,6
2155,7
2156,6
2156,7
2157,7
2157,8
2158,7
2158,8
2159,6
2159,7
2160,7
2160,8
2161,6
2161,7
2162,7
2163,7
2164,6
2164,7
2165,7
2165,8
2166,4
2166,5
2167,2
2167,3
2167,4
2168,6
2168,7
2168,8
2169,5
2169,6
2169,7
2171,2
2171,3
2172,4
2172,5
2173,3
2173,4
2174,2
2174,3
2175,5
2175,6
2176,7
2176,8
2177,5
2177,6
2177,7
2178,5
2178,6
2179,7
2179,8
2180,1
2180,2
2181,1
2181,2
2182,1
2182,2
2183,1
2183,2
2184,1
2184,2
2184,3
2185,1
2185,2
2185,3
2186,1
2186,2
2186,3
2187,1
2187,2
2188,1
2188,2
2189,1
2189,2
2190,1
2190,2
2191,1
2191,2
2192,3
2192,4
2192,5
2193,3
2193,4
2193,5
2194,3
2194,4
2195,3
2195,4
2195,5
2196,3
2196,4
2196,5
2197,3
2197,4
2197,5
2198,1
2198,2
2198,3
2199,1
2199,2
2199,3
2200,3
2200,4
2201,1
2201,2
2201,3
2202,4
2203,4
2203,5
2204,4
2204,5
2205,3
2205,4
2205,5
2205,6
2206,4
2206,5
2206,6
2207,3
2207,4
2207,5
2208,4
2208,5
2209,5
2209,6
2209,7
2210,5
2210,6
2211,6
2211,7
2211,8
2212,6
2213,6
2214,6
2214,7
2214,8
2215,6
2215,7
2215,8
2216,6
2216,7
2216,8
2217,6
2217,7
2217,8
2218,5
2218,6
2219,5
2219,6
2220,7
2220,8
2221,4
2221,5
2222,7
2222,8
2223,7
2223,8
2224,7
2224,8
2225,8
2226,7
2226,8
2227,6
2227,7
2227,8
2228,7
2228,8
2229,4
2229,5
2230,6
2230,7
2230,8
2231,7
2231,8
2232,4
2232,5
2233,3
2233,4
2234,6
2234,7
2234,8
2235,2
2235,3
2236,4
2236,5
2237,7
2237,8
2238,2
2238,3
2239,1
2239,2
2240,1
2240,2
2240,3
2241,1
2242,1
2242,2
2243,1
2243,2
2244,1
2244,2
2244,3
2245,1
2245,2
2245,3
2246,1
2246,2
2246,3
2247,1
2247,2
2248,1
2248,2
2248,3
2249,1
2249,2
2250,1
2250,2
2251,3
2251,4
2252,1
2252,2
2253,3
2253,4
2254,3
2255,1
2255,2
2256,1
2256,2
2256,3
2257,3
2257,4
2257,5
2258,3
2258,4
2259,3
2259,4
2260,1
2260,2
2261,4
2261,5
2262,4
2262,5
2262,6
2263,4
2264,4
2264,5
2264,6
2265,4
2265,5
2265,6
2266,4
2266,5
2267,4
2267,5
2268,4
2268,5
2269,4
2269,5
2270,5
2271,3
2271,4
2271,5
2272,5
2272,6
2273,5
2273,6
2274,6
2274,7
2274,8
2275,4
2275,5
2276,3
2276,4
2276,5
2277,6
2277,7
2277,8
2278,6
2278,7
2278,8
2279,6
2279,7
2280,6
2280,7
2281,6
2281,7
2282,6
2282,7
2282,8
2283,4
2283,5
2284,1
2284,2
2284,3
2285,1
2285,2
2285,3
2286,1
2286,2
2287,5
2287,6
2288,7
2288,8
2289,7
2289,8
2290,7
2290,8
2291,6
2291,7
2291,8
2292,7
2292,8
2293,7
2293,8
2294,1
2294,2
2295,4
2296,5
2296,6
2297,8
2298,7
2298,8
2299,6
2299,7
2299,8
2300,7
2300,8
2301,7
2301,8
2302,3
2302,4
2302,5
2303,1
2303,2
2303,3
2304,6
2304,7
2304,8
2305,1
2305,2
2306,1
2306,2
2307,1
2307,2
2308,1
2308,2
2308,3
2309,1
2309,2
2309,3
2310,1
2310,2
2310,3
2311,1
2311,2
2312,1
2312,2
2313,1
2313,2
2313,3
2314,1
2314,2
2314,3
2315,1
2315,2
2316,1
2316,2
2317,1
2317,2
2318,3
2319,3
2319,4
2319,5
2320,1
2320,2
2320,3
2321,3
2321,4
2322,3
2322,4
2323,3
2323,4
2323,5
2324,1
2324,2
2325,1
2325,2
2325,3
2326,3
2326,4
2327,4
2327,5
2328,4
2328,5
2329,4
2329,5
2329,6
2330,4
2331,3
2331,4
2331,5
2332,4
2332,5
2333,7
2333,8
2334,6
2334,7
2334,8
2335,6
2336,6
2336,7
2336,8
2337,6
2337,7
2337,8
2338,4
2338,5
2338,6
2339,6
2339,7
2339,8
2340,5
2340,6
2341,6
2341,7
2341,8
2342,5
2342,6
2343,4
2343,5
2343,6
2344,4
2344,5
2344,6
2345,1
2345,2
2345,3
2346,6
2346,7
2346,8
2347,3
2347,4
2347,5
2348,7
2348,8
2349,7
2349,8
2350,4
2350,5
2351,7
2351,8
2352,7
2352,8
2353,7
2353,8
2354,6
2354,7
2355,6
2355,7
2355,8
2356,8
2357,7
2357,8
2358,7
2358,8
2359,6
2359,7
2359,8
2360,2
2360,3
2361,3
2361,4
2361,5
2362,6
2362,7
2362,8
2363,3
2363,4
2363,5
2364,6
2364,7
2364,8
2365,6
2365,7
2365,8
2366,1
2366,2
2367,1
2368,1
2368,2
2369,1
2369,2
2370,1
2370,2
2371,1
2371,2
2372,1
2372,2
2373,1
2373,2
2374,1
2374,2
2375,1
2376,1
2376,2
2377,1
2377,2
2378,2
2378,3
2378,4
2379,2
2379,3
2379,4
2380,1
2381,1
2381,2
2382,3
2382,4
2383,3
2383,4
2384,3
2384,4
2385,3
2385,4
2386,3
2386,4
2387,3
2387,4
2388,3
2388,4
2389,3
2390,4
2391,4
2392,1
2392,2
2393,2
2393,3
2393,4
2394,3
2394,4
2395,3
2395,4
2396,3
2396,4
2397,3
2397,4
2398,1
2398,2
2398,3
2399,1
2399,2
2400,3
2400,4
2401,0
2402,1
2403,1
2404,1
2405,1
2406,1
2407,1
2408,2
2409,2
2409,3
2410,2
2410,3
2410,4
2411,2
2411,3
2411,4
2412,2
2412,3
2412,4
2413,1
2414,2
2414,3
2415,2
2415,3
2415,4
2416,2
2416,3
2417,1
2418,2
2418,3
2418,4
2419,4
2419,5
2419,6
2420,2
2420,3
2420,4
2421,5
2421,6
2422,5
2422,6
2423,5
2423,6
2424,5
2424,6
2425,5
2425,6
2426,2
2426,3
2427,5
2427,6
2428,5
2428,6
2429,4
2429,5
2429,6
2430,6
2431,4
2431,5
2432,2
2432,3
2433,5
2433,6
2434,5
2434,6
2435,2
2435,3
2435,4
2436,2
2436,3
2436,4
2437,5
2437,6
2438,1
2439,2
2439,3
2440,5
2440,6
2441,5
2441,6
2442,5
2442,6
2443,2
2443,3
2444,3
2444,4
2445,5
2445,6
2446,1
2447,2
2447,3
2448,4
2448,5
2448,6
2449,3
2450,2
2450,3
2450,4
2451,2
2451,3
2452,2
2452,3
2452,4
2453,2
2453,3
2454,2
2454,3
2454,4
2455,1
2455,2
2456,2
2456,3
2457,2
2457,3
2458,2
2458,3
2458,4
2459,2
2459,3
2459,4
2460,2
2460,3
2461,3
2461,4
2462,2
2462,3
2462,4
2463,2
2463,3
2464,4
2464,5
2465,4
2465,5
2466,4
2466,5
2467,4
2468,4
2468,5
2469,2
2469,3
2470,4
2470,5
2471,4
2471,5
2472,4
2473,4
2473,5
2474,5
2475,2
2475,3
2475,4
2476,5
2476,6
2477,5
2477,6
2477,7
2478,5
2478,6
2479,5
2479,6
2480,4
2480,5
2481,5
2481,6
2482,5
2482,6
2483,5
2483,6
2484,6
2485,6
2485,7
2485,8
2486,6
2486,7
2486,8
2487,4
2487,5
2488,6
2488,7
2489,6
2489,7
2489,8
2490,6
2490,7
2490,8
2491,6
2492,3
2492,4
2493,7
2493,8
2494,7
2494,8
2495,7
2495,8
2496,5
2496,6
2497,7
2497,8
2498,7
2498,8
2499,8
2500,8
2501,7
2501,8
2502,6
2502,7
2502,8
2503,7
2503,8
2504,2
2504,3
2505,4
2505,5
2506,7
2506,8
2507,1
2507,2
2508,1
2508,2
2509,1
2509,2
2510,1
2510,2
2510,3
2511,1
2511,2
2512,1
2512,2
2513,1
2513,2
2513,3
2514,1
2514,2
2515,1
2515,2
2516,1
2516,2
2517,1
2517,2
2518,3
2518,4
2518,5
2519,3
2519,4
2519,5
2520,3
2520,4
2520,5
2521,1
2521,2
2521,3
2522,1
2522,2
2522,3
2523,4
2524,3
2524,4
2525,4
2525,5
2526,3
2526,4
2526,5
2527,4
2527,5
2528,3
2528,4
2528,5
2529,4
2529,5
2530,1
2530,2
2531,3
2531,4
2532,5
2532,6
2533,5
2533,6
2533,7
2534,3
2534,4
2534,5
2535,4
2535,5
2535,6
2536,6
2537,6
2538,5
2538,6
2538,7
2539,6
2539,7
2539,8
2540,6
2540,7
2540,8
2541,2
2541,3
2542,1
2542,2
2543,4
2543,5
2544,6
2545,6
2545,7
2545,8
2546,4
2546,5
2547,3
2547,4
2548,3
2548,4
2548,5
2549,6
2549,7
2549,8
2550,7
2550,8
2551,6
2551,7
2551,8
2552,7
2552,8
2553,7
2553,8
2554,7
2554,8
2555,7
2555,8
2556,7
2556,8
2557,8
2558,7
2558,8
2559,6
2559,7
2560,5
2560,6
2561,3
2561,4
2561,5
2562,1
2562,2
2563,1
2563,2
2564,1
2564,2
2564,3
2565,1
2565,2
2566,1
2566,2
2566,3
2567,3
2567,4
2568,1
2568,2
2568,3
2569,3
2570,3
2570,4
2571,2
2571,3
2572,1
2572,2
2572,3
2573,1
2573,2
2573,3
2574,1
2574,2
2574,3
2575,4
2575,5
2575,6
2576,4
2577,4
2577,5
2578,4
2578,5
2578,6
2579,4
2579,5
2580,1
2580,2
2580,3
2581,4
2581,5
2582,3
2582,4
2583,3
2583,4
2583,5
2584,5
2584,6
2585,5
2586,4
2586,5
2587,6
2588,6
2588,7
2589,6
2589,7
2589,8
2590,6
2590,7
2590,8
2591,6
2591,7
2591,8
2592,5
2592,6
2593,6
2593,7
2593,8
2594,5
2594,6
2595,7
2595,8
2596,7
2596,8
2597,7
2597,8
2598,7
2598,8
2599,8
2600,7
2600,8
2601,7
2601,8
2602,4
2602,5
2603,1
2603,2
2603,3
2604,6
2604,7
2604,8
2605,1
2605,2
2605,3
2606,6
2606,7
2606,8
2607,1
2607,2
2608,1
2608,2
2608,3
2609,1
2609,2
2610,1
2610,2
2611,1
2611,2
2612,1
2612,2
2613,1
2613,2
2613,3
2614,1
2614,2
2615,1
2615,2
2616,1
2616,2
2617,3
2617,4
2618,1
2618,2
2618,3
2619,1
2619,2
2619,3
2620,3
2620,4
2620,5
2621,3
2622,3
2622,4
2623,1
2623,2
2624,4
2624,5
2625,4
2625,5
2626,4
2627,3
2627,4
2627,5
2628,1
2628,2
2629,3
2629,4
2630,4
2630,5
2630,6
2631,5
2631,6
2632,3
2632,4
2632,5
2633,4
2633,5
2633,6
2634,4
2634,5
2634,6
2635,6
2635,7
2635,8
2636,5
2636,6
2637,4
2637,5
2638,6
2638,7
2638,8
2639,5
2639,6
2640,6
2640,7
2640,8
2641,6
2641,7
2642,7
2642,8
2643,4
2643,5
2644,7
2644,8
2645,7
2645,8
2646,7
2646,8
2647,7
2647,8
2648,8
2649,7
2649,8
2650,6
2650,7
2650,8
2651,6
2651,7
2651,8
2652,1
2652,2
2652,3
2653,1
2653,2
2653,3
2654,3
2654,4
2654,5
2655,6
2655,7
2655,8
2656,6
2656,7
2656,8
2657,6
2657,7
2657,8
2658,1
2658,2
2659,1
2659,2
2660,1
2660,2
2660,3
2661,1
2661,2
2662,1
2663,1
2663,2
2664,1
2665,1
2665,2
2665,3
2666,1
2666,2
2667,1
2667,2
2668,1
2668,2
2669,1
2669,2
2670,1
2670,2
2671,1
2671,2
2672,1
2672,2
2672,3
2673,1
2673,2
2674,1
2674,2
2675,1
2675,2
2676,1
2676,2
2677,2
2677,3
2677,4
2678,3
2678,4
2679,2
2679,3
2679,4
2680,3
2680,4
2681,3
2681,4
2682,3
2682,4
2683,3
2683,4
2684,3
2684,4
2685,4
2686,4
2687,3
2687,4
2688,2
2688,3
2688,4
2689,3
2689,4
2690,3
2690,4
2691,3
2691,4
2692,3
2692,4
2693,3
2693,4
2694,1
2694,2
2694,3
2695,1
2696,1
2697,1
2698,1
2699,1
2700,1
2701,1
2702,2
2702,3
2702,4
2703,2
2703,3
2703,4
2704,2
2705,1
2706,2
2706,3
2707,2
2707,3
2708,2
2708,3
2709,1
2710,1
2711,2
2711,3
2711,4
2712,2
2712,3
2713,2
2713,3
2714,4
2714,5
2714,6
2715,4
2715,5
2715,6
2716,5
2717,5
2717,6
2718,5
2718,6
2719,5
2719,6
2720,4
2720,5
2721,5
2721,6
2722,2
2722,3
2722,4
2723,5
2723,6
2724,5
2724,6
2725,1
2726,5
2726,6
2727,2
2727,3
2727,4
2728,4
2728,5
2729,2
2729,3
2729,4
2730,2
2730,3
2730,4
2731,1
2731,2
2732,2
2732,3
2732,4
2733,2
2733,3
2734,2
2734,3
2734,4
2735,2
2735,3
2736,2
2736,3
2737,2
2737,3
2738,2
2738,3
2738,4
2739,2
2739,3
2739,4
2740,4
2740,5
2741,4
2742,4
2742,5
2743,2
2743,3
2743,4
2744,4
2744,5
2745,4
2745,5
2746,2
2746,3
2746,4
2747,3
2747,4
2748,2
2748,3
2749,5
2750,5
2750,6
2751,5
2751,6
2752,4
2752,5
2753,5
2753,6
2753,7
2754,2
2754,3
2755,5
2755,6
2756,5
2756,6
2757,6
2758,6
2758,7
2758,8
2759,6
2759,7
2759,8
2760,6
2760,7
2761,6
2761,7
2761,8
2762,5
2762,6
2763,6
2764,6
2764,7
2764,8
2765,6
2765,7
2765,8
2766,7
2766,8
2767,7
2767,8
2768,7
2768,8
2769,8
2770,5
2770,6
2771,7
2771,8
2772,7
2772,8
2773,8
2774,5
2774,6
2775,7
2775,8
2776,6
2776,7
2776,8
2777,1
2777,2
2778,1
2778,2
2779,1
2779,2
2780,1
2780,2
2780,3
2781,1
2781,2
2782,1
2782,2
2783,1
2783,2
2784,1
2784,2
2785,1
2785,2
2786,1
2786,2
2787,3
2787,4
2787,5
2788,1
2788,2
2789,1
2789,2
2790,1
2790,2
2790,3
2791,3
2791,4
2791,5
2792,3
2792,4
2792,5
2793,3
2793,4
2794,3
2794,4
2794,5
2795,3
2795,4
2795,5
2796,4
2796,5
2797,4
2797,5
2798,4
2798,5
2799,4
2799,5
2800,4
2800,5
2801,3
2801,4
2802,5
2802,6
2803,1
2803,2
2803,3
2804,5
2804,6
2805,1
2805,2
2805,3
2806,4
2806,5
2806,6
2807,5
2807,6
2807,7
2808,6
2808,7
2808,8
2809,6
2809,7
2809,8
2810,6
2811,6
2811,7
2811,8
2812,6
2812,7
2812,8
2813,5
2813,6
2814,3
2814,4
2814,5
2815,6
2815,7
2815,8
2816,1
2816,2
2816,3
2817,1
2817,2
2817,3
2818,7
2818,8
2819,7
2819,8
2820,7
2820,8
2821,7
2821,8
2822,6
2822,7
2822,8
2823,6
2823,7
2823,8
2824,7
2824,8
2825,6
2825,7
2825,8
2826,7
2826,8
2827,4
2827,5
2828,6
2828,7
2828,8
2829,1
2829,2
2830,6
2830,7
2830,8
2831,1
2832,1
2832,2
2832,3
2833,1
2833,2
2834,1
2834,2
2834,3
2835,1
2835,2
2835,3
2836,1
2836,2
2837,1
2837,2
2838,1
2838,2
2839,1
2839,2
2839,3
2840,1
2840,2
2841,1
2841,2
2842,3
2842,4
2843,1
2843,2
2844,3
2845,3
2845,4
2845,5
2846,3
2846,4
2846,5
2847,1
2847,2
2847,3
2848,3
2848,4
2848,5
2849,1
2849,2
2850,3
2850,4
2851,3
2851,4
2851,5
2852,3
2852,4
2853,1
2853,2
2853,3
2854,4
2854,5
2855,4
2855,5
2855,6
2856,4
2856,5
2857,4
2857,5
2858,4
2858,5
2858,6
2859,6
2859,7
2859,8
2860,5
2861,6
2862,5
2862,6
2863,4
2863,5
2864,3
2864,4
2864,5
2865,5
2865,6
2866,5
2866,6
2867,6
2867,7
2868,6
2868,7
2868,8
2869,6
2870,6
2870,7
2870,8
2871,6
2871,7
2872,7
2872,8
2873,7
2873,8
2874,3
2874,4
2875,6
2875,7
2875,8
2876,6
2876,7
2876,8
2877,7
2877,8
2878,7
2878,8
2879,7
2879,8
2880,8
2881,6
2881,7
2881,8
2882,7
2882,8
2883,1
2883,2
2883,3
2884,1
2884,2
2884,3
2885,7
2885,8
2886,1
2886,2
2887,1
2887,2
2888,1
2888,2
2888,3
2889,1
2889,2
2890,1
2890,2
2891,1
2891,2
2892,1
2892,2
2893,1
2893,2
2893,3
2894,1
2894,2
2895,1
2895,2
2895,3
2896,1
2896,2
2897,3
2898,3
2898,4
2898,5
2899,3
2899,4
2899,5
2900,1
2900,2
2901,4
2901,5
2902,4
2902,5
2902,6
2903,4
2903,5
2903,6
2904,4
2904,5
2904,6
2905,3
2905,4
2905,5
2906,3
2906,4
2907,4
2907,5
2907,6
2908,5
2908,6
2909,4
2909,5
2910,5
2910,6
2911,4
2911,5
2912,6
2913,6
2913,7
2913,8
2914,6
2914,7
2915,6
2915,7
2915,8
2916,6
2916,7
2916,8
2917,6
2917,7
2917,8
2918,3
2918,4
2918,5
2919,6
2919,7
2919,8
2920,6
2920,7
2920,8
2921,3
2921,4
2921,5
2922,6
2922,7
2922,8
2923,6
2923,7
2923,8
2924,4
2924,5
2925,4
2925,5
2926,7
2926,8
2927,7
2927,8
2928,7
2928,8
2929,7
2929,8
2930,8
2931,7
2931,8
2932,7
2932,8
2933,6
2933,7
2933,8
2934,7
2934,8
2935,1
2935,2
2935,3
2936,1
2936,2
2936,3
2937,4
2937,5
2937,6
2938,7
2938,8
2939,1
2939,2
2940,1
2940,2
2940,3
2941,1
2941,2
2941,3
2942,1
2943,1
2943,2
2944,1
2944,2
2945,1
2945,2
2946,1
2946,2
2947,1
2947,2
2948,1
2949,1
2949,2
2950,1
2950,2
2951,1
2951,2
2952,1
2952,2
2953,1
2953,2
2953,3
2954,1
2954,2
2955,1
2955,2
2956,1
2956,2
2957,2
2957,3
2957,4
2958,1
2958,2
2958,3
2959,1
2959,2
2960,1
2960,2
2961,2
2961,3
2961,4
2962,1
2962,2
2963,4
2963,5
2963,6
2964,2
2964,3
2964,4
2965,1
2965,2
2966,1
2967,3
2967,4
2968,3
2968,4
2969,3
2969,4
2970,3
2970,4
2971,3
2971,4
2972,3
2972,4
2973,3
2973,4
2974,4
2975,4
2976,3
2976,4
2977,3
2977,4
2978,3
2978,4
2979,3
2980,3
2980,4
2981,3
2981,4
2982,3
2982,4
2983,1
2983,2
2983,3
2984,1
2985,1
2986,1
2987,1
2988,1
2988,2
2988,3
2989,5
2989,6
2990,5
2990,6
2991,5
2991,6
2992,1
2993,5
2993,6
2994,1
2994,2
2994,3
2994,4
2994,5
2995,2
2995,3
2995,4
2996,2
2996,3
2996,4
2997,2
2997,3
2997,4
2998,2
2998,3
2999,1
2999,2
3000,2
3000,3
3000,4
3001,2
3001,3
3002,2
3002,3
3003,2
3003,3
3003,4
3004,2
3004,3
3004,4
3005,1
3005,2
3006,3
3006,4
3007,4
3007,5
3007,6
3008,4
3008,5
3009,2
3009,3
3010,4
3010,5
3011,4
3011,5
3012,4
3013,5
3014,4
3014,5
3015,5
3015,6
3016,4
3016,5
3017,5
3017,6
3017,7
3018,6
3018,7
3018,8
3019,6
3019,7
3019,8
3020,6
3021,6
3021,7
3021,8
3022,6
3022,7
3023,6
3023,7
3023,8
3024,5
3024,6
3025,7
3025,8
3026,7
3026,8
3027,7
3027,8
3028,7
3028,8
3029,7
3029,8
3030,8
3031,7
3031,8
3032,5
3032,6
3033,8
3034,1
3034,2
3035,1
3035,2
3036,1
3036,2
3036,3
3037,1
3037,2
3037,3
3038,1
3038,2
3039,1
3039,2
3040,1
3040,2
3041,1
3041,2
3042,1
3042,2
3042,3
3043,3
3043,4
3043,5
3044,1
3044,2
3045,2
3045,3
3046,1
3046,2
3046,3
3047,3
3047,4
3048,3
3048,4
3048,5
3049,3
3049,4
3049,5
3050,1
3050,2
3051,3
3051,4
3051,5
3052,3
3052,4
3053,4
3054,4
3054,5
3055,4
3055,5
3056,4
3056,5
3057,4
3057,5
3058,4
3058,5
3059,4
3059,5
3060,5
3060,6
3061,3
3061,4
3062,3
3062,4
3062,5
3063,5
3063,6
3063,7
3064,6
3064,7
3064,8
3065,6
3065,7
3065,8
3066,6
3067,6
3068,6
3068,7
3068,8
3069,4
3069,5
3069,6
3070,1
3070,2
3070,3
3071,5
3071,6
3072,7
3072,8
3073,7
3073,8
3074,7
3074,8
3075,7
3075,8
3076,7
3076,8
3077,6
3077,7
3077,8
3078,6
3078,7
3078,8
3079,6
3079,7
3079,8
3080,3
3080,4
3080,5
3081,6
3081,7
3081,8
3082,3
3082,4
3083,6
3083,7
3083,8
3084,1
3084,2
3085,1
3086,1
3086,2
3087,1
3087,2
3087,3
3088,1
3088,2
3088,3
3089,1
3089,2
3089,3
3090,1
3090,2
3091,1
3091,2
3091,3
3092,1
3092,2
3092,3
3093,1
3093,2
3094,1
3094,2
3095,2
3095,3
3096,3
3096,4
3097,1
3097,2
3097,3
3098,3
3099,1
3099,2
3099,3
3100,3
3100,4
3100,5
3101,3
3101,4
3102,3
3102,4
3102,5
3103,1
3103,2
3104,4
3105,4
3106,3
3106,4
3106,5
3107,4
3107,5
3107,6
3108,4
3108,5
3109,4
3109,5
3109,6
3110,1
3110,2
3111,4
3111,5
3112,4
3112,5
3113,3
3113,4
3114,4
3114,5
3115,1
3115,2
3116,3
3116,4
3117,5
3117,6
3118,5
3119,4
3119,5
3120,5
3120,6
3121,6
3121,7
3122,5
3122,6
3123,6
3124,6
3124,7
3124,8
3125,6
3125,7
3125,8
3126,6
3126,7
3126,8
3127,6
3127,7
3127,8
3128,6
3128,7
3129,7
3129,8
3130,7
3130,8
3131,7
3131,8
3132,7
3132,8
3133,8
3134,7
3134,8
3135,1
3135,2
3135,3
3136,4
3136,5
3136,6
3137,7
3137,8
3138,6
3138,7
3138,8
3139,6
3139,7
3140,1
3140,2
3140,3
3141,6
3141,7
3141,8
3142,6
3142,7
3142,8
3143,1
3143,2
3143,3
3144,1
3144,2
3145,1
3145,2
3146,1
3146,2
3147,1
3147,2
